sample,fastq_1,fastq_2
CSU17060,/projects/rtk24@colostate.edu/proj_bioinformatics/raw_reads/wnv-s_21&22_R1.1__2530EBE__/Fastq/CSU17060_S38_L001_R1_001.fastq.gz,/projects/rtk24@colostate.edu/proj_bioinformatics/raw_reads/wnv-s_21&22_R1.1__2530EBE__/Fastq/CSU17060_S38_L001_R2_001.fastq.gz
CSU17035,/projects/rtk24@colostate.edu/proj_bioinformatics/raw_reads/wnv-s_21&22_R1.1__2530EBE__/Fastq/CSU17035_S49_L001_R1_001.fastq.gz,/projects/rtk24@colostate.edu/proj_bioinformatics/raw_reads/wnv-s_21&22_R1.1__2530EBE__/Fastq/CSU17035_S49_L001_R2_001.fastq.gz
CSU16973,/projects/rtk24@colostate.edu/proj_bioinformatics/raw_reads/wnv-s_21&22_R1.1__2530EBE__/Fastq/CSU16973_S58_L001_R1_001.fastq.gz,/projects/rtk24@colostate.edu/proj_bioinformatics/raw_reads/wnv-s_21&22_R1.1__2530EBE__/Fastq/CSU16973_S58_L001_R2_001.fastq.gz
CSU16913,/projects/rtk24@colostate.edu/proj_bioinformatics/raw_reads/wnv-s_21&22_R1.1__2530EBE__/Fastq/CSU16913_S60_L001_R1_001.fastq.gz,/projects/rtk24@colostate.edu/proj_bioinformatics/raw_reads/wnv-s_21&22_R1.1__2530EBE__/Fastq/CSU16913_S60_L001_R2_001.fastq.gz
CSU17041,/projects/rtk24@colostate.edu/proj_bioinformatics/raw_reads/wnv-s_21&22_R1.1__2530EBE__/Fastq/CSU17041_S41_L001_R1_001.fastq.gz,/projects/rtk24@colostate.edu/proj_bioinformatics/raw_reads/wnv-s_21&22_R1.1__2530EBE__/Fastq/CSU17041_S41_L001_R2_001.fastq.gz
CSU16802,/projects/rtk24@colostate.edu/proj_bioinformatics/raw_reads/wnv-s_21&22_R1.1__2530EBE__/Fastq/CSU16802_S84_L001_R1_001.fastq.gz,/projects/rtk24@colostate.edu/proj_bioinformatics/raw_reads/wnv-s_21&22_R1.1__2530EBE__/Fastq/CSU16802_S84_L001_R2_001.fastq.gz
CSU18019,/projects/rtk24@colostate.edu/proj_bioinformatics/raw_reads/wnv-s_21&22_R1.1__2530EBE__/Fastq/CSU18019_S7_L001_R1_001.fastq.gz,/projects/rtk24@colostate.edu/proj_bioinformatics/raw_reads/wnv-s_21&22_R1.1__2530EBE__/Fastq/CSU18019_S7_L001_R2_001.fastq.gz
CSU16942,/projects/rtk24@colostate.edu/proj_bioinformatics/raw_reads/wnv-s_21&22_R1.1__2530EBE__/Fastq/CSU16942_S53_L001_R1_001.fastq.gz,/projects/rtk24@colostate.edu/proj_bioinformatics/raw_reads/wnv-s_21&22_R1.1__2530EBE__/Fastq/CSU16942_S53_L001_R2_001.fastq.gz
CSU17952,/projects/rtk24@colostate.edu/proj_bioinformatics/raw_reads/wnv-s_21&22_R1.1__2530EBE__/Fastq/CSU17952_S11_L001_R1_001.fastq.gz,/projects/rtk24@colostate.edu/proj_bioinformatics/raw_reads/wnv-s_21&22_R1.1__2530EBE__/Fastq/CSU17952_S11_L001_R2_001.fastq.gz
CSU16922,/projects/rtk24@colostate.edu/proj_bioinformatics/raw_reads/wnv-s_21&22_R1.1__2530EBE__/Fastq/CSU16922_S63_L001_R1_001.fastq.gz,/projects/rtk24@colostate.edu/proj_bioinformatics/raw_reads/wnv-s_21&22_R1.1__2530EBE__/Fastq/CSU16922_S63_L001_R2_001.fastq.gz
CSU17086,/projects/rtk24@colostate.edu/proj_bioinformatics/raw_reads/wnv-s_21&22_R1.1__2530EBE__/Fastq/CSU17086_S34_L001_R1_001.fastq.gz,/projects/rtk24@colostate.edu/proj_bioinformatics/raw_reads/wnv-s_21&22_R1.1__2530EBE__/Fastq/CSU17086_S34_L001_R2_001.fastq.gz
CSU17724,/projects/rtk24@colostate.edu/proj_bioinformatics/raw_reads/wnv-s_21&22_R1.1__2530EBE__/Fastq/CSU17724_S20_L001_R1_001.fastq.gz,/projects/rtk24@colostate.edu/proj_bioinformatics/raw_reads/wnv-s_21&22_R1.1__2530EBE__/Fastq/CSU17724_S20_L001_R2_001.fastq.gz
CSU16924,/projects/rtk24@colostate.edu/proj_bioinformatics/raw_reads/wnv-s_21&22_R1.1__2530EBE__/Fastq/CSU16924_S65_L001_R1_001.fastq.gz,/projects/rtk24@colostate.edu/proj_bioinformatics/raw_reads/wnv-s_21&22_R1.1__2530EBE__/Fastq/CSU16924_S65_L001_R2_001.fastq.gz
CSU17875,/projects/rtk24@colostate.edu/proj_bioinformatics/raw_reads/wnv-s_21&22_R1.1__2530EBE__/Fastq/CSU17875_S13_L001_R1_001.fastq.gz,/projects/rtk24@colostate.edu/proj_bioinformatics/raw_reads/wnv-s_21&22_R1.1__2530EBE__/Fastq/CSU17875_S13_L001_R2_001.fastq.gz
CSU17058,/projects/rtk24@colostate.edu/proj_bioinformatics/raw_reads/wnv-s_21&22_R1.1__2530EBE__/Fastq/CSU17058_S37_L001_R1_001.fastq.gz,/projects/rtk24@colostate.edu/proj_bioinformatics/raw_reads/wnv-s_21&22_R1.1__2530EBE__/Fastq/CSU17058_S37_L001_R2_001.fastq.gz
CSU16947,/projects/rtk24@colostate.edu/proj_bioinformatics/raw_reads/wnv-s_21&22_R1.1__2530EBE__/Fastq/CSU16947_S54_L001_R1_001.fastq.gz,/projects/rtk24@colostate.edu/proj_bioinformatics/raw_reads/wnv-s_21&22_R1.1__2530EBE__/Fastq/CSU16947_S54_L001_R2_001.fastq.gz
lib-Amp-NTC,/projects/rtk24@colostate.edu/proj_bioinformatics/raw_reads/wnv-s_21&22_R1.1__2530EBE__/Fastq/lib-Amp-NTC_S96_L001_R1_001.fastq.gz,/projects/rtk24@colostate.edu/proj_bioinformatics/raw_reads/wnv-s_21&22_R1.1__2530EBE__/Fastq/lib-Amp-NTC_S96_L001_R2_001.fastq.gz
CSU17006,/projects/rtk24@colostate.edu/proj_bioinformatics/raw_reads/wnv-s_21&22_R1.1__2530EBE__/Fastq/CSU17006_S51_L001_R1_001.fastq.gz,/projects/rtk24@colostate.edu/proj_bioinformatics/raw_reads/wnv-s_21&22_R1.1__2530EBE__/Fastq/CSU17006_S51_L001_R2_001.fastq.gz
CSU18087,/projects/rtk24@colostate.edu/proj_bioinformatics/raw_reads/wnv-s_21&22_R1.1__2530EBE__/Fastq/CSU18087_S5_L001_R1_001.fastq.gz,/projects/rtk24@colostate.edu/proj_bioinformatics/raw_reads/wnv-s_21&22_R1.1__2530EBE__/Fastq/CSU18087_S5_L001_R2_001.fastq.gz
CSU16763,/projects/rtk24@colostate.edu/proj_bioinformatics/raw_reads/wnv-s_21&22_R1.1__2530EBE__/Fastq/CSU16763_S88_L001_R1_001.fastq.gz,/projects/rtk24@colostate.edu/proj_bioinformatics/raw_reads/wnv-s_21&22_R1.1__2530EBE__/Fastq/CSU16763_S88_L001_R2_001.fastq.gz
CSU17077,/projects/rtk24@colostate.edu/proj_bioinformatics/raw_reads/wnv-s_21&22_R1.1__2530EBE__/Fastq/CSU17077_S40_L001_R1_001.fastq.gz,/projects/rtk24@colostate.edu/proj_bioinformatics/raw_reads/wnv-s_21&22_R1.1__2530EBE__/Fastq/CSU17077_S40_L001_R2_001.fastq.gz
CSU16937,/projects/rtk24@colostate.edu/proj_bioinformatics/raw_reads/wnv-s_21&22_R1.1__2530EBE__/Fastq/CSU16937_S66_L001_R1_001.fastq.gz,/projects/rtk24@colostate.edu/proj_bioinformatics/raw_reads/wnv-s_21&22_R1.1__2530EBE__/Fastq/CSU16937_S66_L001_R2_001.fastq.gz
CSU16923,/projects/rtk24@colostate.edu/proj_bioinformatics/raw_reads/wnv-s_21&22_R1.1__2530EBE__/Fastq/CSU16923_S64_L001_R1_001.fastq.gz,/projects/rtk24@colostate.edu/proj_bioinformatics/raw_reads/wnv-s_21&22_R1.1__2530EBE__/Fastq/CSU16923_S64_L001_R2_001.fastq.gz
CSU17098,/projects/rtk24@colostate.edu/proj_bioinformatics/raw_reads/wnv-s_21&22_R1.1__2530EBE__/Fastq/CSU17098_S35_L001_R1_001.fastq.gz,/projects/rtk24@colostate.edu/proj_bioinformatics/raw_reads/wnv-s_21&22_R1.1__2530EBE__/Fastq/CSU17098_S35_L001_R2_001.fastq.gz
CSU18067,/projects/rtk24@colostate.edu/proj_bioinformatics/raw_reads/wnv-s_21&22_R1.1__2530EBE__/Fastq/CSU18067_S4_L001_R1_001.fastq.gz,/projects/rtk24@colostate.edu/proj_bioinformatics/raw_reads/wnv-s_21&22_R1.1__2530EBE__/Fastq/CSU18067_S4_L001_R2_001.fastq.gz
CSU17134,/projects/rtk24@colostate.edu/proj_bioinformatics/raw_reads/wnv-s_21&22_R1.1__2530EBE__/Fastq/CSU17134_S33_L001_R1_001.fastq.gz,/projects/rtk24@colostate.edu/proj_bioinformatics/raw_reads/wnv-s_21&22_R1.1__2530EBE__/Fastq/CSU17134_S33_L001_R2_001.fastq.gz
CSU16832,/projects/rtk24@colostate.edu/proj_bioinformatics/raw_reads/wnv-s_21&22_R1.1__2530EBE__/Fastq/CSU16832_S81_L001_R1_001.fastq.gz,/projects/rtk24@colostate.edu/proj_bioinformatics/raw_reads/wnv-s_21&22_R1.1__2530EBE__/Fastq/CSU16832_S81_L001_R2_001.fastq.gz
CSU16779,/projects/rtk24@colostate.edu/proj_bioinformatics/raw_reads/wnv-s_21&22_R1.1__2530EBE__/Fastq/CSU16779_S91_L001_R1_001.fastq.gz,/projects/rtk24@colostate.edu/proj_bioinformatics/raw_reads/wnv-s_21&22_R1.1__2530EBE__/Fastq/CSU16779_S91_L001_R2_001.fastq.gz
CSU17986,/projects/rtk24@colostate.edu/proj_bioinformatics/raw_reads/wnv-s_21&22_R1.1__2530EBE__/Fastq/CSU17986_S10_L001_R1_001.fastq.gz,/projects/rtk24@colostate.edu/proj_bioinformatics/raw_reads/wnv-s_21&22_R1.1__2530EBE__/Fastq/CSU17986_S10_L001_R2_001.fastq.gz
CSU17153,/projects/rtk24@colostate.edu/proj_bioinformatics/raw_reads/wnv-s_21&22_R1.1__2530EBE__/Fastq/CSU17153_S26_L001_R1_001.fastq.gz,/projects/rtk24@colostate.edu/proj_bioinformatics/raw_reads/wnv-s_21&22_R1.1__2530EBE__/Fastq/CSU17153_S26_L001_R2_001.fastq.gz
CSU16846,/projects/rtk24@colostate.edu/proj_bioinformatics/raw_reads/wnv-s_21&22_R1.1__2530EBE__/Fastq/CSU16846_S75_L001_R1_001.fastq.gz,/projects/rtk24@colostate.edu/proj_bioinformatics/raw_reads/wnv-s_21&22_R1.1__2530EBE__/Fastq/CSU16846_S75_L001_R2_001.fastq.gz
CSU16773,/projects/rtk24@colostate.edu/proj_bioinformatics/raw_reads/wnv-s_21&22_R1.1__2530EBE__/Fastq/CSU16773_S90_L001_R1_001.fastq.gz,/projects/rtk24@colostate.edu/proj_bioinformatics/raw_reads/wnv-s_21&22_R1.1__2530EBE__/Fastq/CSU16773_S90_L001_R2_001.fastq.gz
CSU17054,/projects/rtk24@colostate.edu/proj_bioinformatics/raw_reads/wnv-s_21&22_R1.1__2530EBE__/Fastq/CSU17054_S36_L001_R1_001.fastq.gz,/projects/rtk24@colostate.edu/proj_bioinformatics/raw_reads/wnv-s_21&22_R1.1__2530EBE__/Fastq/CSU17054_S36_L001_R2_001.fastq.gz
CSU17020,/projects/rtk24@colostate.edu/proj_bioinformatics/raw_reads/wnv-s_21&22_R1.1__2530EBE__/Fastq/CSU17020_S43_L001_R1_001.fastq.gz,/projects/rtk24@colostate.edu/proj_bioinformatics/raw_reads/wnv-s_21&22_R1.1__2530EBE__/Fastq/CSU17020_S43_L001_R2_001.fastq.gz
CSU16831,/projects/rtk24@colostate.edu/proj_bioinformatics/raw_reads/wnv-s_21&22_R1.1__2530EBE__/Fastq/CSU16831_S80_L001_R1_001.fastq.gz,/projects/rtk24@colostate.edu/proj_bioinformatics/raw_reads/wnv-s_21&22_R1.1__2530EBE__/Fastq/CSU16831_S80_L001_R2_001.fastq.gz
CSU17007,/projects/rtk24@colostate.edu/proj_bioinformatics/raw_reads/wnv-s_21&22_R1.1__2530EBE__/Fastq/CSU17007_S52_L001_R1_001.fastq.gz,/projects/rtk24@colostate.edu/proj_bioinformatics/raw_reads/wnv-s_21&22_R1.1__2530EBE__/Fastq/CSU17007_S52_L001_R2_001.fastq.gz
CSU17743,/projects/rtk24@colostate.edu/proj_bioinformatics/raw_reads/wnv-s_21&22_R1.1__2530EBE__/Fastq/CSU17743_S18_L001_R1_001.fastq.gz,/projects/rtk24@colostate.edu/proj_bioinformatics/raw_reads/wnv-s_21&22_R1.1__2530EBE__/Fastq/CSU17743_S18_L001_R2_001.fastq.gz
BOU00045,/projects/rtk24@colostate.edu/proj_bioinformatics/raw_reads/wnv-s_21&22_R1.1__2530EBE__/Fastq/BOU00045_S94_L001_R1_001.fastq.gz,/projects/rtk24@colostate.edu/proj_bioinformatics/raw_reads/wnv-s_21&22_R1.1__2530EBE__/Fastq/BOU00045_S94_L001_R2_001.fastq.gz
CSU17065,/projects/rtk24@colostate.edu/proj_bioinformatics/raw_reads/wnv-s_21&22_R1.1__2530EBE__/Fastq/CSU17065_S39_L001_R1_001.fastq.gz,/projects/rtk24@colostate.edu/proj_bioinformatics/raw_reads/wnv-s_21&22_R1.1__2530EBE__/Fastq/CSU17065_S39_L001_R2_001.fastq.gz
CSU16795,/projects/rtk24@colostate.edu/proj_bioinformatics/raw_reads/wnv-s_21&22_R1.1__2530EBE__/Fastq/CSU16795_S83_L001_R1_001.fastq.gz,/projects/rtk24@colostate.edu/proj_bioinformatics/raw_reads/wnv-s_21&22_R1.1__2530EBE__/Fastq/CSU16795_S83_L001_R2_001.fastq.gz
CSU16793,/projects/rtk24@colostate.edu/proj_bioinformatics/raw_reads/wnv-s_21&22_R1.1__2530EBE__/Fastq/CSU16793_S82_L001_R1_001.fastq.gz,/projects/rtk24@colostate.edu/proj_bioinformatics/raw_reads/wnv-s_21&22_R1.1__2530EBE__/Fastq/CSU16793_S82_L001_R2_001.fastq.gz
CSU17024,/projects/rtk24@colostate.edu/proj_bioinformatics/raw_reads/wnv-s_21&22_R1.1__2530EBE__/Fastq/CSU17024_S44_L001_R1_001.fastq.gz,/projects/rtk24@colostate.edu/proj_bioinformatics/raw_reads/wnv-s_21&22_R1.1__2530EBE__/Fastq/CSU17024_S44_L001_R2_001.fastq.gz
CSU17209,/projects/rtk24@colostate.edu/proj_bioinformatics/raw_reads/wnv-s_21&22_R1.1__2530EBE__/Fastq/CSU17209_S25_L001_R1_001.fastq.gz,/projects/rtk24@colostate.edu/proj_bioinformatics/raw_reads/wnv-s_21&22_R1.1__2530EBE__/Fastq/CSU17209_S25_L001_R2_001.fastq.gz
CSU18232,/projects/rtk24@colostate.edu/proj_bioinformatics/raw_reads/wnv-s_21&22_R1.1__2530EBE__/Fastq/CSU18232_S21_L001_R1_001.fastq.gz,/projects/rtk24@colostate.edu/proj_bioinformatics/raw_reads/wnv-s_21&22_R1.1__2530EBE__/Fastq/CSU18232_S21_L001_R2_001.fastq.gz
CSU16780,/projects/rtk24@colostate.edu/proj_bioinformatics/raw_reads/wnv-s_21&22_R1.1__2530EBE__/Fastq/CSU16780_S92_L001_R1_001.fastq.gz,/projects/rtk24@colostate.edu/proj_bioinformatics/raw_reads/wnv-s_21&22_R1.1__2530EBE__/Fastq/CSU16780_S92_L001_R2_001.fastq.gz
CSU16940,/projects/rtk24@colostate.edu/proj_bioinformatics/raw_reads/wnv-s_21&22_R1.1__2530EBE__/Fastq/CSU16940_S69_L001_R1_001.fastq.gz,/projects/rtk24@colostate.edu/proj_bioinformatics/raw_reads/wnv-s_21&22_R1.1__2530EBE__/Fastq/CSU16940_S69_L001_R2_001.fastq.gz
CSU16879,/projects/rtk24@colostate.edu/proj_bioinformatics/raw_reads/wnv-s_21&22_R1.1__2530EBE__/Fastq/CSU16879_S70_L001_R1_001.fastq.gz,/projects/rtk24@colostate.edu/proj_bioinformatics/raw_reads/wnv-s_21&22_R1.1__2530EBE__/Fastq/CSU16879_S70_L001_R2_001.fastq.gz
CSU17124,/projects/rtk24@colostate.edu/proj_bioinformatics/raw_reads/wnv-s_21&22_R1.1__2530EBE__/Fastq/CSU17124_S32_L001_R1_001.fastq.gz,/projects/rtk24@colostate.edu/proj_bioinformatics/raw_reads/wnv-s_21&22_R1.1__2530EBE__/Fastq/CSU17124_S32_L001_R2_001.fastq.gz
CSU16821,/projects/rtk24@colostate.edu/proj_bioinformatics/raw_reads/wnv-s_21&22_R1.1__2530EBE__/Fastq/CSU16821_S79_L001_R1_001.fastq.gz,/projects/rtk24@colostate.edu/proj_bioinformatics/raw_reads/wnv-s_21&22_R1.1__2530EBE__/Fastq/CSU16821_S79_L001_R2_001.fastq.gz
CSU16754,/projects/rtk24@colostate.edu/proj_bioinformatics/raw_reads/wnv-s_21&22_R1.1__2530EBE__/Fastq/CSU16754_S86_L001_R1_001.fastq.gz,/projects/rtk24@colostate.edu/proj_bioinformatics/raw_reads/wnv-s_21&22_R1.1__2530EBE__/Fastq/CSU16754_S86_L001_R2_001.fastq.gz
CSU16977,/projects/rtk24@colostate.edu/proj_bioinformatics/raw_reads/wnv-s_21&22_R1.1__2530EBE__/Fastq/CSU16977_S59_L001_R1_001.fastq.gz,/projects/rtk24@colostate.edu/proj_bioinformatics/raw_reads/wnv-s_21&22_R1.1__2530EBE__/Fastq/CSU16977_S59_L001_R2_001.fastq.gz
CSU17003,/projects/rtk24@colostate.edu/proj_bioinformatics/raw_reads/wnv-s_21&22_R1.1__2530EBE__/Fastq/CSU17003_S50_L001_R1_001.fastq.gz,/projects/rtk24@colostate.edu/proj_bioinformatics/raw_reads/wnv-s_21&22_R1.1__2530EBE__/Fastq/CSU17003_S50_L001_R2_001.fastq.gz
CSU16920,/projects/rtk24@colostate.edu/proj_bioinformatics/raw_reads/wnv-s_21&22_R1.1__2530EBE__/Fastq/CSU16920_S61_L001_R1_001.fastq.gz,/projects/rtk24@colostate.edu/proj_bioinformatics/raw_reads/wnv-s_21&22_R1.1__2530EBE__/Fastq/CSU16920_S61_L001_R2_001.fastq.gz
CSU16939,/projects/rtk24@colostate.edu/proj_bioinformatics/raw_reads/wnv-s_21&22_R1.1__2530EBE__/Fastq/CSU16939_S68_L001_R1_001.fastq.gz,/projects/rtk24@colostate.edu/proj_bioinformatics/raw_reads/wnv-s_21&22_R1.1__2530EBE__/Fastq/CSU16939_S68_L001_R2_001.fastq.gz
CSU17884,/projects/rtk24@colostate.edu/proj_bioinformatics/raw_reads/wnv-s_21&22_R1.1__2530EBE__/Fastq/CSU17884_S14_L001_R1_001.fastq.gz,/projects/rtk24@colostate.edu/proj_bioinformatics/raw_reads/wnv-s_21&22_R1.1__2530EBE__/Fastq/CSU17884_S14_L001_R2_001.fastq.gz
CSU16921,/projects/rtk24@colostate.edu/proj_bioinformatics/raw_reads/wnv-s_21&22_R1.1__2530EBE__/Fastq/CSU16921_S62_L001_R1_001.fastq.gz,/projects/rtk24@colostate.edu/proj_bioinformatics/raw_reads/wnv-s_21&22_R1.1__2530EBE__/Fastq/CSU16921_S62_L001_R2_001.fastq.gz
CSU17143,/projects/rtk24@colostate.edu/proj_bioinformatics/raw_reads/wnv-s_21&22_R1.1__2530EBE__/Fastq/CSU17143_S29_L001_R1_001.fastq.gz,/projects/rtk24@colostate.edu/proj_bioinformatics/raw_reads/wnv-s_21&22_R1.1__2530EBE__/Fastq/CSU17143_S29_L001_R2_001.fastq.gz
CSU18258,/projects/rtk24@colostate.edu/proj_bioinformatics/raw_reads/wnv-s_21&22_R1.1__2530EBE__/Fastq/CSU18258_S28_L001_R1_001.fastq.gz,/projects/rtk24@colostate.edu/proj_bioinformatics/raw_reads/wnv-s_21&22_R1.1__2530EBE__/Fastq/CSU18258_S28_L001_R2_001.fastq.gz
CSU17032,/projects/rtk24@colostate.edu/proj_bioinformatics/raw_reads/wnv-s_21&22_R1.1__2530EBE__/Fastq/CSU17032_S47_L001_R1_001.fastq.gz,/projects/rtk24@colostate.edu/proj_bioinformatics/raw_reads/wnv-s_21&22_R1.1__2530EBE__/Fastq/CSU17032_S47_L001_R2_001.fastq.gz
CSU18267,/projects/rtk24@colostate.edu/proj_bioinformatics/raw_reads/wnv-s_21&22_R1.1__2530EBE__/Fastq/CSU18267_S8_L001_R1_001.fastq.gz,/projects/rtk24@colostate.edu/proj_bioinformatics/raw_reads/wnv-s_21&22_R1.1__2530EBE__/Fastq/CSU18267_S8_L001_R2_001.fastq.gz
CSU16805,/projects/rtk24@colostate.edu/proj_bioinformatics/raw_reads/wnv-s_21&22_R1.1__2530EBE__/Fastq/CSU16805_S85_L001_R1_001.fastq.gz,/projects/rtk24@colostate.edu/proj_bioinformatics/raw_reads/wnv-s_21&22_R1.1__2530EBE__/Fastq/CSU16805_S85_L001_R2_001.fastq.gz
CSU16948,/projects/rtk24@colostate.edu/proj_bioinformatics/raw_reads/wnv-s_21&22_R1.1__2530EBE__/Fastq/CSU16948_S55_L001_R1_001.fastq.gz,/projects/rtk24@colostate.edu/proj_bioinformatics/raw_reads/wnv-s_21&22_R1.1__2530EBE__/Fastq/CSU16948_S55_L001_R2_001.fastq.gz
CSU18167,/projects/rtk24@colostate.edu/proj_bioinformatics/raw_reads/wnv-s_21&22_R1.1__2530EBE__/Fastq/CSU18167_S1_L001_R1_001.fastq.gz,/projects/rtk24@colostate.edu/proj_bioinformatics/raw_reads/wnv-s_21&22_R1.1__2530EBE__/Fastq/CSU18167_S1_L001_R2_001.fastq.gz
CSU16760,/projects/rtk24@colostate.edu/proj_bioinformatics/raw_reads/wnv-s_21&22_R1.1__2530EBE__/Fastq/CSU16760_S87_L001_R1_001.fastq.gz,/projects/rtk24@colostate.edu/proj_bioinformatics/raw_reads/wnv-s_21&22_R1.1__2530EBE__/Fastq/CSU16760_S87_L001_R2_001.fastq.gz
CSU17709,/projects/rtk24@colostate.edu/proj_bioinformatics/raw_reads/wnv-s_21&22_R1.1__2530EBE__/Fastq/CSU17709_S19_L001_R1_001.fastq.gz,/projects/rtk24@colostate.edu/proj_bioinformatics/raw_reads/wnv-s_21&22_R1.1__2530EBE__/Fastq/CSU17709_S19_L001_R2_001.fastq.gz
CSU18253,/projects/rtk24@colostate.edu/proj_bioinformatics/raw_reads/wnv-s_21&22_R1.1__2530EBE__/Fastq/CSU18253_S24_L001_R1_001.fastq.gz,/projects/rtk24@colostate.edu/proj_bioinformatics/raw_reads/wnv-s_21&22_R1.1__2530EBE__/Fastq/CSU18253_S24_L001_R2_001.fastq.gz
CSU16938,/projects/rtk24@colostate.edu/proj_bioinformatics/raw_reads/wnv-s_21&22_R1.1__2530EBE__/Fastq/CSU16938_S67_L001_R1_001.fastq.gz,/projects/rtk24@colostate.edu/proj_bioinformatics/raw_reads/wnv-s_21&22_R1.1__2530EBE__/Fastq/CSU16938_S67_L001_R2_001.fastq.gz
CSU18123,/projects/rtk24@colostate.edu/proj_bioinformatics/raw_reads/wnv-s_21&22_R1.1__2530EBE__/Fastq/CSU18123_S2_L001_R1_001.fastq.gz,/projects/rtk24@colostate.edu/proj_bioinformatics/raw_reads/wnv-s_21&22_R1.1__2530EBE__/Fastq/CSU18123_S2_L001_R2_001.fastq.gz
CSU16816,/projects/rtk24@colostate.edu/proj_bioinformatics/raw_reads/wnv-s_21&22_R1.1__2530EBE__/Fastq/CSU16816_S77_L001_R1_001.fastq.gz,/projects/rtk24@colostate.edu/proj_bioinformatics/raw_reads/wnv-s_21&22_R1.1__2530EBE__/Fastq/CSU16816_S77_L001_R2_001.fastq.gz
CSU18256,/projects/rtk24@colostate.edu/proj_bioinformatics/raw_reads/wnv-s_21&22_R1.1__2530EBE__/Fastq/CSU18256_S27_L001_R1_001.fastq.gz,/projects/rtk24@colostate.edu/proj_bioinformatics/raw_reads/wnv-s_21&22_R1.1__2530EBE__/Fastq/CSU18256_S27_L001_R2_001.fastq.gz
CSU17969,/projects/rtk24@colostate.edu/proj_bioinformatics/raw_reads/wnv-s_21&22_R1.1__2530EBE__/Fastq/CSU17969_S12_L001_R1_001.fastq.gz,/projects/rtk24@colostate.edu/proj_bioinformatics/raw_reads/wnv-s_21&22_R1.1__2530EBE__/Fastq/CSU17969_S12_L001_R2_001.fastq.gz
CSU16876,/projects/rtk24@colostate.edu/proj_bioinformatics/raw_reads/wnv-s_21&22_R1.1__2530EBE__/Fastq/CSU16876_S76_L001_R1_001.fastq.gz,/projects/rtk24@colostate.edu/proj_bioinformatics/raw_reads/wnv-s_21&22_R1.1__2530EBE__/Fastq/CSU16876_S76_L001_R2_001.fastq.gz
CSU18165,/projects/rtk24@colostate.edu/proj_bioinformatics/raw_reads/wnv-s_21&22_R1.1__2530EBE__/Fastq/CSU18165_S48_L001_R1_001.fastq.gz,/projects/rtk24@colostate.edu/proj_bioinformatics/raw_reads/wnv-s_21&22_R1.1__2530EBE__/Fastq/CSU18165_S48_L001_R2_001.fastq.gz
Undetermined,/projects/rtk24@colostate.edu/proj_bioinformatics/raw_reads/wnv-s_21&22_R1.1__2530EBE__/Fastq/Undetermined_S0_L001_R1_001.fastq.gz,/projects/rtk24@colostate.edu/proj_bioinformatics/raw_reads/wnv-s_21&22_R1.1__2530EBE__/Fastq/Undetermined_S0_L001_R2_001.fastq.gz
CSU18128,/projects/rtk24@colostate.edu/proj_bioinformatics/raw_reads/wnv-s_21&22_R1.1__2530EBE__/Fastq/CSU18128_S3_L001_R1_001.fastq.gz,/projects/rtk24@colostate.edu/proj_bioinformatics/raw_reads/wnv-s_21&22_R1.1__2530EBE__/Fastq/CSU18128_S3_L001_R2_001.fastq.gz
CSU16901,/projects/rtk24@colostate.edu/proj_bioinformatics/raw_reads/wnv-s_21&22_R1.1__2530EBE__/Fastq/CSU16901_S72_L001_R1_001.fastq.gz,/projects/rtk24@colostate.edu/proj_bioinformatics/raw_reads/wnv-s_21&22_R1.1__2530EBE__/Fastq/CSU16901_S72_L001_R2_001.fastq.gz
CSU18240,/projects/rtk24@colostate.edu/proj_bioinformatics/raw_reads/wnv-s_21&22_R1.1__2530EBE__/Fastq/CSU18240_S22_L001_R1_001.fastq.gz,/projects/rtk24@colostate.edu/proj_bioinformatics/raw_reads/wnv-s_21&22_R1.1__2530EBE__/Fastq/CSU18240_S22_L001_R2_001.fastq.gz
CSU17119,/projects/rtk24@colostate.edu/proj_bioinformatics/raw_reads/wnv-s_21&22_R1.1__2530EBE__/Fastq/CSU17119_S31_L001_R1_001.fastq.gz,/projects/rtk24@colostate.edu/proj_bioinformatics/raw_reads/wnv-s_21&22_R1.1__2530EBE__/Fastq/CSU17119_S31_L001_R2_001.fastq.gz
CSU17891,/projects/rtk24@colostate.edu/proj_bioinformatics/raw_reads/wnv-s_21&22_R1.1__2530EBE__/Fastq/CSU17891_S16_L001_R1_001.fastq.gz,/projects/rtk24@colostate.edu/proj_bioinformatics/raw_reads/wnv-s_21&22_R1.1__2530EBE__/Fastq/CSU17891_S16_L001_R2_001.fastq.gz
CSU17808,/projects/rtk24@colostate.edu/proj_bioinformatics/raw_reads/wnv-s_21&22_R1.1__2530EBE__/Fastq/CSU17808_S17_L001_R1_001.fastq.gz,/projects/rtk24@colostate.edu/proj_bioinformatics/raw_reads/wnv-s_21&22_R1.1__2530EBE__/Fastq/CSU17808_S17_L001_R2_001.fastq.gz
cDNA-NTC,/projects/rtk24@colostate.edu/proj_bioinformatics/raw_reads/wnv-s_21&22_R1.1__2530EBE__/Fastq/cDNA-NTC_S95_L001_R1_001.fastq.gz,/projects/rtk24@colostate.edu/proj_bioinformatics/raw_reads/wnv-s_21&22_R1.1__2530EBE__/Fastq/cDNA-NTC_S95_L001_R2_001.fastq.gz
CSU17221,/projects/rtk24@colostate.edu/proj_bioinformatics/raw_reads/wnv-s_21&22_R1.1__2530EBE__/Fastq/CSU17221_S23_L001_R1_001.fastq.gz,/projects/rtk24@colostate.edu/proj_bioinformatics/raw_reads/wnv-s_21&22_R1.1__2530EBE__/Fastq/CSU17221_S23_L001_R2_001.fastq.gz
CSU16765,/projects/rtk24@colostate.edu/proj_bioinformatics/raw_reads/wnv-s_21&22_R1.1__2530EBE__/Fastq/CSU16765_S89_L001_R1_001.fastq.gz,/projects/rtk24@colostate.edu/proj_bioinformatics/raw_reads/wnv-s_21&22_R1.1__2530EBE__/Fastq/CSU16765_S89_L001_R2_001.fastq.gz
CSU16844,/projects/rtk24@colostate.edu/proj_bioinformatics/raw_reads/wnv-s_21&22_R1.1__2530EBE__/Fastq/CSU16844_S74_L001_R1_001.fastq.gz,/projects/rtk24@colostate.edu/proj_bioinformatics/raw_reads/wnv-s_21&22_R1.1__2530EBE__/Fastq/CSU16844_S74_L001_R2_001.fastq.gz
CSU16902,/projects/rtk24@colostate.edu/proj_bioinformatics/raw_reads/wnv-s_21&22_R1.1__2530EBE__/Fastq/CSU16902_S73_L001_R1_001.fastq.gz,/projects/rtk24@colostate.edu/proj_bioinformatics/raw_reads/wnv-s_21&22_R1.1__2530EBE__/Fastq/CSU16902_S73_L001_R2_001.fastq.gz
CSU17044,/projects/rtk24@colostate.edu/proj_bioinformatics/raw_reads/wnv-s_21&22_R1.1__2530EBE__/Fastq/CSU17044_S42_L001_R1_001.fastq.gz,/projects/rtk24@colostate.edu/proj_bioinformatics/raw_reads/wnv-s_21&22_R1.1__2530EBE__/Fastq/CSU17044_S42_L001_R2_001.fastq.gz
CSU17031,/projects/rtk24@colostate.edu/proj_bioinformatics/raw_reads/wnv-s_21&22_R1.1__2530EBE__/Fastq/CSU17031_S46_L001_R1_001.fastq.gz,/projects/rtk24@colostate.edu/proj_bioinformatics/raw_reads/wnv-s_21&22_R1.1__2530EBE__/Fastq/CSU17031_S46_L001_R2_001.fastq.gz
CSU16753,/projects/rtk24@colostate.edu/proj_bioinformatics/raw_reads/wnv-s_21&22_R1.1__2530EBE__/Fastq/CSU16753_S93_L001_R1_001.fastq.gz,/projects/rtk24@colostate.edu/proj_bioinformatics/raw_reads/wnv-s_21&22_R1.1__2530EBE__/Fastq/CSU16753_S93_L001_R2_001.fastq.gz
CSU16953,/projects/rtk24@colostate.edu/proj_bioinformatics/raw_reads/wnv-s_21&22_R1.1__2530EBE__/Fastq/CSU16953_S56_L001_R1_001.fastq.gz,/projects/rtk24@colostate.edu/proj_bioinformatics/raw_reads/wnv-s_21&22_R1.1__2530EBE__/Fastq/CSU16953_S56_L001_R2_001.fastq.gz
CSU18055,/projects/rtk24@colostate.edu/proj_bioinformatics/raw_reads/wnv-s_21&22_R1.1__2530EBE__/Fastq/CSU18055_S9_L001_R1_001.fastq.gz,/projects/rtk24@colostate.edu/proj_bioinformatics/raw_reads/wnv-s_21&22_R1.1__2530EBE__/Fastq/CSU18055_S9_L001_R2_001.fastq.gz
CSU17025,/projects/rtk24@colostate.edu/proj_bioinformatics/raw_reads/wnv-s_21&22_R1.1__2530EBE__/Fastq/CSU17025_S45_L001_R1_001.fastq.gz,/projects/rtk24@colostate.edu/proj_bioinformatics/raw_reads/wnv-s_21&22_R1.1__2530EBE__/Fastq/CSU17025_S45_L001_R2_001.fastq.gz
CSU17149,/projects/rtk24@colostate.edu/proj_bioinformatics/raw_reads/wnv-s_21&22_R1.1__2530EBE__/Fastq/CSU17149_S30_L001_R1_001.fastq.gz,/projects/rtk24@colostate.edu/proj_bioinformatics/raw_reads/wnv-s_21&22_R1.1__2530EBE__/Fastq/CSU17149_S30_L001_R2_001.fastq.gz
CSU17887,/projects/rtk24@colostate.edu/proj_bioinformatics/raw_reads/wnv-s_21&22_R1.1__2530EBE__/Fastq/CSU17887_S15_L001_R1_001.fastq.gz,/projects/rtk24@colostate.edu/proj_bioinformatics/raw_reads/wnv-s_21&22_R1.1__2530EBE__/Fastq/CSU17887_S15_L001_R2_001.fastq.gz
CSU18104,/projects/rtk24@colostate.edu/proj_bioinformatics/raw_reads/wnv-s_21&22_R1.1__2530EBE__/Fastq/CSU18104_S6_L001_R1_001.fastq.gz,/projects/rtk24@colostate.edu/proj_bioinformatics/raw_reads/wnv-s_21&22_R1.1__2530EBE__/Fastq/CSU18104_S6_L001_R2_001.fastq.gz
CSU16900,/projects/rtk24@colostate.edu/proj_bioinformatics/raw_reads/wnv-s_21&22_R1.1__2530EBE__/Fastq/CSU16900_S71_L001_R1_001.fastq.gz,/projects/rtk24@colostate.edu/proj_bioinformatics/raw_reads/wnv-s_21&22_R1.1__2530EBE__/Fastq/CSU16900_S71_L001_R2_001.fastq.gz
CSU16972,/projects/rtk24@colostate.edu/proj_bioinformatics/raw_reads/wnv-s_21&22_R1.1__2530EBE__/Fastq/CSU16972_S57_L001_R1_001.fastq.gz,/projects/rtk24@colostate.edu/proj_bioinformatics/raw_reads/wnv-s_21&22_R1.1__2530EBE__/Fastq/CSU16972_S57_L001_R2_001.fastq.gz
CSU16817,/projects/rtk24@colostate.edu/proj_bioinformatics/raw_reads/wnv-s_21&22_R1.1__2530EBE__/Fastq/CSU16817_S78_L001_R1_001.fastq.gz,/projects/rtk24@colostate.edu/proj_bioinformatics/raw_reads/wnv-s_21&22_R1.1__2530EBE__/Fastq/CSU16817_S78_L001_R2_001.fastq.gz
